Exam Name,Exam Post,Vacancy,Application Start Date,Application End Date
"Vizag Steel, Vishakhapatnam",Junior Trainee & Mechanic Trainee Recruitment 2019,559,1/8/2019,21/08/2019
Chhattisgarh State Eligibility Test (CGSET 2019),Chhattisgarh SET Examination 2019,,23/07/2019,13/08/2019
Noida Metro Rail Corporation (NMRC),Various Post Recruitment 2019,199,22/07/2019,21/08/2019
Delhi University (DU) ,Teaching Post Professor Recruitment 2019,857,19-Jul,23/07/2019
State Bank of India (SBI) ,Various Specialist Officer SO Recruitment 2019,77,22/07/2019,12/8/2019
Haryana Staff Selection Commission (HSSC),Various 3206 Post Recruitment 2019,3206,5/8/2019,20/08/2019
"National Consumer Disputes Redressed Commission NCDRC, New Delhi","LDC, UDC, MTS Recruitment 2019",37,20/07/2019,19/08/2019
Patna High Court (PHC),Personal Assistant (PA) Recruitment 2019,131,22/05/2019,11/6/2019
Nehru Yuva Kendra Sangathan,NYKS Various Post Recruitment 2019,337,19/07/2019,7/8/2019
 UP SSSC Uttar Pradesh Subordinate Service Selection Commission,Vanrakshak Forest Guard And Wild Life Guard Rakshak Recruitment 2019 ,655,18/07/2019,8/8/2019
Join Indian Navy (Nausena Bharti),Sailor Entry Matric Recruit MR April 2020 Batch Recruitment,400,26/07/2019,1/8/2019
NIFT - National Institute of Fashion Technology,Contract Based Assistant Professor Recruitment 2019,179,18/07/2019,06/09/2019 upto 0530 PM
"Board of School Education, BSE Haryana",Aarohi School TGT / PGT / Other Various Post Recruitment 2019,895,16/07/2019,27/07/2019
Bihar Legislative Council (Sachivalaya),Vidhan Parishad Various Post Post Recruitment 2019,41,23/07/2019,12/8/2019
Sashastra Seema Bal (SSB),Constable in Sports Quota Recruitment 2019,150,13/07/2019,11/8/2019
Join Indian Army,JAG 24th Entry Scheme Recruitment 2019,8,16/07/2019,14/08/2019
South Indian Bank (SIB),Probationary Legal Officer Recruitment 2019,12,17/07/2019,28/07/2019
Examination Regulation Authority UP Allahabad,UP DELEd (BTC) Admission Online Form 2019,,27/06/2019,11/7/2019
Bank of Baroda (India International Bank),BOB Manager IT SO Recruitment 2019,35,13/07/2019,2/8/2019
Join Indian Army,47 NCC Special Entry Men & Women Recruitment 2019,55,10/7/2019,8/8/2019
Chhattisgarh Public Service Commission (CGPSC),Civil Judge PCS J Entry Level Recruitment 2019,39,1/3/2019,30/03/2019
Staff Selection Commission (SSC),Combined Higher Secondary Level CHSL 2017-2018 Recruitment,3259,18/11/2017,27/12/2017 upto 0500 PM Only
Bhabha Atomic Research Center (BARC),Stipendiary Trainees Various Post Recruitment 2019,47,10/7/2019,9/8/2019
UKSSSC Uttarkhand Junior Engineer,Junior Engineer Recruitment 2018,100,15/07/2019,25/08/2019
National Fertilizer Limited (NFL),Non Executive (ITI) Recruitment 2019,30,9/7/2019,08/08/2019 upto 0530 PM
Karnataka Bank (KB Bank), Probationary Clerk Recruitment 2019,,10/7/2019,20/07/2019
Rajasthan Public Service Commission (RPSC),Fisheries Development Officer (FDO & AFDO) Recruitment 2019,16,15/07/2019,14/08/2019
Haryana Staff Selection Commission (HSSC),Various Post Recruitment 2019,2978,1/8/2019,16/08/2019
Bihar Public Service Commission (BPSC),65th Combined Pre Exam Recruitment 2019,434,10/7/2019,29/07/2019
"Social Welfare Department, Uttar Pradesh",Pre Matric | Post Matric | Dashmottar Scholarship 2019,,1/7/2019,10/9/2019
Navodaya Vidyalaya Samiti (NVS),TGT /PGT / Other Various Post Recruitment 2019,2370,10/7/2019,9/8/2019
Madhya Pradesh Saugor Cantonment Board,Assistant Teacher and Other Various Post Recruitment 2019,16,29/06/2019,28/07/2019
"High Court of Madras, Chennai",Various Post Recruitment 2019,573,1/7/2019,31/07/2019
MP Industrial Development Corporation Limited (MP IDC) ,Assistant Engineer / Junior Engineer Recruitment 2019,23,19-Jun,
Indian Air Force (Bharitya Vayu Sena),X Group | Y Group Airmen Recruitment Online Form 2019,,1/7/2019,18/07/2019 at 0430 PM
"Bank Note Press (BNP), Madhya Pradesh",Various Post Recruitment 2019,58,2/8/2019,2/8/2019
Employee Provident Fund Organization India (EPFO India),EPFO Social Security Assistant SSA Recruitment 2019,2189,27/06/2019,21/07/2019
Bihar Vidhan Sabha Sachivalaya,Reporter (Prativedak) Recruitment 2019,23,1/7/2019,19/07/2019 upto 05 PM Only.
"<title>Railway SWR, CR GDCE Various Post Online Form 2019","<title>Railway SWR, CR GDCE Various Post Online Form 2019",,Last Date,
"Dr. A.P.J. Abdul Kalam Technical University , AKTU, UPTU Lucknow",Uttar Pradesh State Entrance Examination UPSEE 2019,,23/01/2019,25/03/2019 Upto 0500 PM Only
IDBI Bank & Manipal School of Banking,Assistant Manager Grade A Recruitment 2019,600,23/06/2019,7/7/2019
Rajasthan Public Service Commission (RPSC),Public Relation Officer (PRO) Recruitment 2019,23,27/06/2019,26/07/2019
Bihar National Health Mission (NHM) ,Swastha Vibhag Community Health Officer CHO Recruitment 2019,600,20/06/2019,4/7/2019
Haryana Staff Selection Commission (HSSC),Clerk Recruitment 2019,4858,24/06/2019,30/07/2019
National Testing Agency (NTA),National Eligibility Cum Entrance Test (NEET 2019),,1/11/2018,7/12/2018
South Indian Bank Ltd,Clerk & Probationary Officer PO Recruitment 2019,545,19/06/2019,30/06/2019
Railway Recruitment Cell (South East Central Railway),RRC SECR Trade Apprentice Recruitment 2019,432,16/06/2019,15/07/2019 upto 06 PM Only
National Testing Agency (NTA),Joint Entrance Examination (JEE MAIN Phase II) 2019,,8/2/2019,1150 PM
Haryana Staff Selection Commission (HSSC),Junior Engineer JE Recruitment 2019,1624,20/06/2019,26/07/2019
Institute Of Banking Personal Selection Commission (IBPS),"CRP RRBs VIII Scale I, II, III & Office Assistant Recruitment 2019",8401,18/06/2019,4/7/2019
Haryana Staff Selection Commission (HSSC),Gram Sachiv Recruitment 2019,697,19/06/2019,26/07/2019
The Indian Navy (Nausena Bharti),Sailor Entry SSR | AA Recruitment 2019,2700,28/06/2019,10/7/2019
Haryana Staff Selection Commission (HSSC),Canal Patwari Recruitment 2019,1100,18/06/2019,17/07/2019
Haryana Staff Selection Commission (HSSC),Patwari Recruitment 2019,588,14/06/2019,26/07/2019
Union Public Service Commission (UPSC),Combined Defence Service Exam II Recruitment 2019,417,12/6/2019,08/07/2019 Upto 0600 PM Only
Haryana Staff Selection Commission (HSSC),Haryana Police Constable & SI Recruitment 2019,6400,12/6/2019,11/7/2019
"Northern Coalfield Limited, NCL Singrauli",Various Trade Apprentice Recruitment 2019,2482,11/6/2019,10/7/2019
Staff Selection Commission (SSC),Combined Graduate Level CGL Recruitment 2017,,16/05/2017,19/06/2017
India Post (Bhartiya Daak Vibhag),Gramin Dak Sevak (GDS) Recruitment 2019,,6/6/2019,
"Mahatma Jyotiba Phule Rohilkhand University, Bareilly",Uttar Pradesh B.Ed Combined Entrance Exam 2019,,11/2/2019,14/03/2019
"Social Welfare Department, Uttar Pradesh",UPSC Civil Services Pre IAS & UPPSC Pre 2019 Free Coaching Online Form 2019,1200,19-May,26/06/2019
Join Territorial Army (JTA),Graduate Level Officer Recruitment 2019,,26/05/2019,25/06/2019
Career Indian Air Force Recruitment 2019,Airforce Common Admission Online Test (AFCAT July 2020),,1/6/2019,30/06/2019
"Madhya Pradesh National Health Mission (MP NHM), Bhopal",MP NHM Community Health Officer (CHO) Recruitment 2019,2335,27/05/2019,13/06/2019
State Bank of India (SBI),SCO Wealth Management Business Unit Recruitment 2019,579,23/05/2019,12/6/2019
Rajasthan Public Service Commission (RPSC),Senior Scientific Officer (SSO) Recruitment 2019,21,27/05/2019,17/06/2019
Indian Navy (Join IndianNavy),Nausena Bharti 10+2 Intermediate B.Tech Entry January 2020,,31/05/2019,17/06/2019
Defence Research and Development Organization (DRDO),CEPTAM 09 Technical Recruitment 2019,351,3/6/2019,26/06/2019 upto 05 PM Only
"Uttar Pradesh Basic Education Board, Allahabad",Inter District Assistant Teacher Transfer Online Application 2019,17699,20/05/2019,25/05/2019
"Integral Coach Factory (ICF, Chennai)",Various Trade Apprentice Recruitment 2019,992,20/05/2019,24/06/2019 upto 0500 PM
Rajasthan National Health Mission (Swastha Vibhag),NHM Community Health Officer CHO Recruitment 2019,2500,22/05/2019,2/6/2019
Employee Provident Fund Organization India (EPFO India) ,EPFO Assistant Recruitment 2019,280,30/05/2019,25/06/2019
LIC Life Insurance Company Ltd,LIC Apprentice Development Officer (ADO) Recruitment 2019,8581,20/05/2019,9/6/2019
National Fertilizer Limited (NFL) Uttar Pradesh,Management Trainee (MT) Recruitment 2019,44,15/05/2019,14/06/2019 upto 0530 PM
Staff Selection Commission (SSC),,,5/3/2019,05/04/2019 Upto 05 PM Only.
Join Indian Navy Civilian,Chargeman Recruitment 2019,172,13/05/2019,26/05/2019 upto 11 PM
National Fertilizer Limited (NFL),Group C Non Executive Various Post Recruitment 2019,79,10/5/2019,09/06/2019 upto 0530 PM Only.
Join Indian Army (Government of India) ,10+2 Technical Entry Scheme Course TES 42 Recruitment 2019,90,10/5/2019,8/6/2019
Indian Navy (Nausena Bharti) ,Indian Navy Entrance Test (INET) in Various Branch Recruitment 2019 ,121,16/05/2019,29/05/2019
National Bank for Agriculture and Rural Development,NABARD Various Grade A & B Recruitment 2019,85,10/5/2019,26/05/2019
Join Indian Coast Guard,Assistant Commandant AC Men and Women Group A Recruitment 2019,,24/05/2019,04/06/2019 upto 0500 PM Only
Indian Coast Guard,Navik Cook | Steward Navik Domestic Branch Recruitment 2019,,5/6/2019,12/6/2019
Uttar Pradesh National Health Mission (UPNHM),Community Health Officer (CHO) Recruitment 2019,6000,9/5/2019,27/05/2019
Chhattisgarh Public Service Commission (CGPCS),State Service Prelim Exam Recruitment 2018,160,7/12/2018,5/1/2019
"Bihar Public Service Commission, Patna",BPSC Bihar Assistant Recruitment 2018,51,31/10/2018,5/12/2018
Uttar Pradesh Subordinate Service Selection Commission (UPSSSC) ,Cane Supervisor Ganna Parvekshak II Recruitment 2016,,6/10/2016,24/10/2016
Uttar Pradesh Public Service Commission (UPPSC),UPPCS 2018 Recruitment Mains Online Form 2019,917,7/5/2019,23/05/2019
Join Indian Navy (Nausena Bharti),Sailor Entry Matric Recruit MR Music 02/2019 Batch Recruitment,,6/5/2019,19/05/2019
University of Allahabad (UOA),Assistant / Associate Professor Teaching Post Recruitment 2019,558,23/04/2019,20/05/2019
Join Indian Army (Women Military Police) ,Women GD Soldier Recruitment 2019,100,25/04/2019,8/6/2019
Bihar Public Service Commission (BPSC),64th Combined Pre Exam Recruitment 2018,1395,3/8/2018,30/08/2018 (Extended)
Railway Recruitment Board (RRB),Junior Engineer Recruitment 2019,13487,2/1/2019,31/01/2019
Union Public Service Commission,Combined Central Armed Police Force (Assistant Commandant Exam 2019),323,24/04/2019,20/05/2019 Upto 0600 PM Only
Jharkhand Public Service Commission (JPSC),Assistant Professor in Medical College Recruitment 2019,262,23/04/2019,15/05/2019
Staff Selection Commission (SSC),Multi Tasking Staff Non Technical MTS Recruitment 2019,,22/04/2019,29/05/2019 upto 05 PM Only.
"Kurukshetra University, Haryana",Various Post Direct Recruitment 2019,198,9/4/2019,15/05/2019
National Institute of Open Schooling (NIOS) ,Various Post Direct Recruitment 2019,86,17/04/2019,17/05/2019
"Patna High Court, PHC Patna, Bihar",General Mazdor Post Recruitment 2019,20,18/04/2019,8/5/2019
"Allahabad High Court, Prayagraj",Judgement Translator Contractual Recruitment 2019,5,19/04/2019,25/04/2019
"Ministry of Railway, Railway Recruitment Board (RRB)",NTPC 10+2 and Graduate Level Various Post Recruitment 2019,35277,1/3/2019,31/03/2019
BSF Boarder Security Force (COMN SET-UP),Head Constable Direct Recruitment 2019,1072,14/05/2019,12/6/2019
"Uttar Pradesh Higher Education Services Commission, Allahabad ",UPHESC Principal Recruitment 2019,290,19-Mar,23/05/2019
"CGPSC, Raipur (Chhattisgarh Public Service Commission)",Sports Officer SO & Librarian Recruitment 2019,117,5/4/2019,4/5/2019
SBI (State Bank of India),Junior Associates (Customer Sales & Support) Clerk Recruitment 2019,8904,12/4/2019,3/5/2019
Oil and Natural Gas Corporation Ltd (ONGC),GTs in Engineering Recruitment 2019 Through GATE,785,5/4/2019,24/04/2019 upto 0600 PM Only
Join Indian Army (Government of India),Technical Graduate Course TGC Recruitment 2019,40,10/4/2019,9/5/2019
Delhi Development Authority (DDA),Assistant Executive Engineer AEE Recruitment 2019,23,10/4/2019,09/05/2019 upto 06 PM
Allahabad Bank,Specialist Officer SO Recruitment 2019,92,9/4/2019,29/04/2019
Union Public Service Commission (UPSC),Combined Medical Services Examination 2019,965,10/4/2019,06/05/2019 upto 0600 PM Only
National Testing Agency (NTA),NTA CBSE UGC National Eligibility Test June 2019,,1/3/2019,30/03/2019
IGCAR (Indira Gandhi Center for Atomic Research),Various Post Trade Apprentice Recruitment 2019,,10/4/2019,24/04/2019
Nuclear Power Corporation of India Limited (NPCIL),Executive Trainee ET Recruitment 2019 Through GATE,200,9/4/2019,23/04/2019 upto 0430 PM
Bihar School Examination Board (BSEB),Matric / Intermediate Annual Examination 2019 Time Table,7976,,
State Bank of India (SBI),Probationary Officer PO Recruitment 2019 ,,2/4/2019,22/04/2019
IDBI Bank Limited,IDBI Assistant Manager and Executive Post Recruitment 2019,800,19-Mar,15/04/2019
Food Safety and Standard Authority of India (FSSAI),Various Post Recruitment 2019,275,26/03/2019,25/04/2019
Food Corporation of India (FCI) ,Various Post Recruitment 2019,4103,28/02/2019,30/03/2019
Syndical Bank (A Govt. of India Undertaking),Specialist Officer SO in Various Scale Recruitment 2019,129,29/03/2019,18/04/2019
Uttar Pradesh Public Service Commission UPPSC,Data Processing Center Examination 2019,15,28/03/2019,24/04/2019
Uttrakhand Public Service Commission (UKPSC),Uttrakhand Judicial Service (PCS J) Recruitment 2019,30,28/12/2018,10/4/2019
IDBI Bank Ltd (LIC India),Manager | DGM | AGM Recruitment 2019,,26/03/2019,8/4/2019
ITBP - Indo Tibetan Border Police Force,Medical Officer Selection Board (MOSB) CAPFs Recruitment 2019,,2/4/2019,1/5/2019
Railway Recruitment Board (RRB),Centralized Recruitment 02/2018 Group D Various Post 2018,62907,10/2/2018,30/03/2018
Union Public Service Commission (UPSC),Indian Economic Service | Indian Statistical Service Exam 2019,65,20/03/2019,16/04/2019 upto 0600 Pm Only
Union Public Service Commission (UPSC),Combined Geo Scientist and Geologist Recruitment 2019,106,20/03/2019,16/04/2019 upto 0600 PM Only
Nehru Yuva Kendra Sangathan,"District Youth Coordinator, Account Clerk and MTS Recruitment 2019",225,16/03/2019,31/03/2019
Indian Navy (Nausena Bharti),SSC Officers in Executive Branch Recruitment 2019,53,16/03/2019,5/4/2019
Union Bank of India (UBI),Specialist Officer SO Recruitment 2019,185,12/3/2019,29/03/2019
Railway Recruitment Boards (RRBs),RRB / RRC Group D Level I Recruitment 2019 ,103739,12/3/2019,12/4/2019
Bihar Technical Service Commission (Pariksha),BTSC Jr. Engineer Civil / Electrical / Mechanical Recruitment 2019 ,6379,11/3/2019,15/04/2019
Chhattisgarh Vidhan Sabha Sachivalaya,Assistant Grade III Recruitment 2019,48,20/03/2019,31/03/2019
Bihar Vidhan Sabha (Sachivayala),Junior Clerk & Other Post Recruitment 2018,101,9/10/2018,31/10/2018
Uttar Pradesh Electricity Service Commission (UP ESC) ,UPPCL Technician (Line) Recruitment 2019,4102,Notified Soon,Notified Soon
"Department of Science & Technology DST, Bihar",Various Teaching Post Recruitment 2019,1676,11/3/2019,31/03/2019
Haryana Public Service Commission (HPSC),Assistant Professor Recruitment 2019,524,15/03/2019,15/04/2019 upto 05 PM Only.
Bihar Public Service Commission (BPSC),Assistant Engineer Recruitment 2019,147,19/03/2019,2/4/2019
Haryana Staff Selection Commission (HSSC),Group D Recruitment 2019,249,22/03/2019,22/04/2019
Vijaya Bank (VB),Peon / Sub Staff Recruitment 2019,421,7/3/2019,14/03/2019
Uttar Pradesh Subordinate Service Selection Commission (UPSSSC),Junior Assistant 10+2 Direct Recruitment 2017,548,22/12/2016,12/1/2017
Haryana Staff Selection Commission (HSSC),Various Post Recruitment 2019,,8/3/2019,8/4/2019
"UPSSSC, Lucknow Uttar Pradesh Subordinate Service Selection Commission",Chakbandi Lekhpal Direct Recruitment Online Form 2019,1364,6/3/2019,5/4/2019
Uttar Pradesh Subordinate Service Selection Commission (UPSSSC),Chakbandi Lekhpal Direct Recruitment 2019,,Postponed,Postponed
Uttar Pradesh Subordinate Service Selection Commission,UPSSSC Mandi Parishad Various Post Recruitment 2018,284,5/12/2018,26/12/2018
Railway Recruitment Board (RRB),Paramedical Categories Recruitment 2019,,4/3/2019,2/4/2019
"Department of Revenue and Land Reforms, Bihar",Various Post Recruitment 2019,6875,11/3/2019,1/4/2019
Bihar Staff Selection Commission (BSSC),BSSC Stenographer Recruitment 2019,326,11/3/2019,11/04/2019 (Extended)
National Housing Bank (NHB),Assistant Manager Recruitment 2019,15,2/3/2019,28/03/2019
Life Insurance Corporation of India (LIC) ,Assistant Administrative Officer (AAO) Recruitment 2019,590,2/3/2019,22/03/2019
Uttar Pradesh Basic Education Board,UP 68500 Assistant Teacher Recruitment 2018,68500,25/01/2018,5/2/2018
Uttrakhand Cooperative Institutional Service Board (UCISB),UK Bank Various Post Recruitment 2019,422,20/02/2019,20/03/2019
"School Shiksha Pariyojna Parishad, Haryana",HSSPP Assistant Manager (MIS) Recruitment 2019,575,27/02/2019,20/03/2019 upto 0500 PM Only.
Join Indian Navy,Nausena Bharti Tradesman Mate Recruitment 2019,644,2/3/2019,15/03/2019 upto 05 PM Only.
Uttar Pradesh Subordinate Service Selection Commission UPSSSC,Homeopathic Pharmacist Recruitment 2019 Online Form,420,25/02/2019,18/03/2019
Council of Scientific and Industrial Research (CSIR),Joint CSR UGC Test for JRF & NET June 2019,,25/02/2019,22/03/2019
Uttar Pradesh Rajya Vidhut Utpadan Nigam Limited (UPRVUNL),"Office Assistant, Jr Engineer, Assistant Accountant Recruitment 2019",117,21/02/2019,21/03/2019
Jharkhand Staff Selection Commission (JSSC),Excise Constable Competitive Recruitment 2018,518,26/12/2018,9/2/2019
Union Public Service Commission (UPSC),Civil Services and Indian Forest Examination 2019,986,19/02/2019,19/03/2019 Upto 0600 PM Only
Madhya Pradesh Public Service Commission (MPPSC),Medical Officer (Backlog) Recruitment 2019,1065,27/02/2019,5/3/2019
Punjab National Bank (PNB),Technical Officers 325 Recruitment 2019,325,14/02/2019,02/03/2019.
Banaras Hindu University (BHU) ,Various Teaching & Non Teaching Recruitment 2019,,19-Feb,25/02/2019
Central Warehousing Corporation (CWC),Zone Wise Various Post Recruitment 2019,,15/02/2019,16/03/2019
Central Board of Secondary Education (CBSE),Central Teacher Eligibility Test CTET July 2019,,5/2/2019,14/03/2019(Extended)
"National Fertilizers Limited (NFL, Uttar Pradesh)",Account Assistant (AA) Recruitment 2019,52,31/01/2019,28/02/2019 upto 0530 PM Only.
Bhabha Atomic Research Centre (BARC),Upper Division Clerk UDC & Stenographer Recruitment 2019,60,31/01/2019,25/02/2019 upto 1000 PM Only.
"Delhi High Court, New Delhi (DHC)",Translator & Personal Assistant Recruitment 2019,73,15/02/2019,07/03/2019 upto 1000 PM Only.
Bharat Sanchar Nigam Limited (BSNL),"Graduate Engineer, Junior Telecom Operator JTO Recruitment 2019",198,11/2/2019,12/3/2019
Uttar Pradesh Subordinate Service Selection Commission (UPSSSC),Combined Lower Subordinate Services Competitive Recruitment 2019,672,30/01/2019,19/02/2019
Union Bank of India (UBI Bank),Security Guard Recruitment 2019,100,23/01/2019,18/02/2019
Delhi Subordinate Service Selection Board (DSSSB),"LDC, Stenographer and Other Various Post Recruitment 2019",204,31/01/2019,5/3/2019
Delhi Subordinate Service Selection Board (DSSSB),Junior / Assistant Engineer Recruitment 2019,264,30/01/2019,1/3/2019
Madhya Pradesh Power Generation Company Ltd (MPPGCL),,64,29/01/2019,28/02/2019
Staff Selection Commission (SSC),Junior Engineer (Civil / Electrical / Mechanical) Recruitment 2019,1601,28/01/2019,25/02/2019 Upto 0500 PM Only
Join Indian Army,53 SSC Men & 24 SSC Women Recruitment 2019,189,23/01/2019,21/02/2019
"High Court of Judicature at Patna, Bihar",Bihar District Judge (Entry Level) HJS Recruitment 2019,14,21/01/2019,19/02/2019
"Rajasthan Staff Selection Board, Jaipur (RSMSSB)",Investigator Post Recruitment 2019,62,24/01/2019,23/02/2019
UPNHM â Uttar Pradesh National Health Mission,Various Post Recruitment 2019,1172,22/01/2019,11/2/2019
Supreme Court of India (SCI),Law Clerk Cum Research Assistant Contractual Recruitment 2019,,1/2/2019,28/02/2019
Chhattisgarh Public Service Commission (CGPSC),Assistant Professor Recruitment 2019,1384,4/2/2019,3/4/2019
Haryana Staff Selection Commission,HSSC Various Post Recruitment 2019,773,18/01/2019,18/02/2019
UP PRPB (Uttar Pradesh Police Recruitment & Promotion Board),Fireman | Jail Warden | Horse Rider Recruitment 2018,,22/01/2019,24/02/2019
Central Industrial Security Force (CISF) ,Head Constable Ministerial Recruitment 2019,429,21/01/2019,25/02/2019 Upto 05 PM Only
Haryana Staff Selection Commission (HSSC),Haryana TGT Sanskrit Teacher Recruitment 2019,778,22/02/2019,25/03/2019
"Public Health Engineering Department, PHED Bihar",Junior Engineer Civil Recruitment 2019,214,15/01/2019,31/01/2019 upto 05 PM Only.
Join Indian Coast Guard (Ministry of Defence),Yantrik 02/2019 Batch Recruitment 2019,,11/2/2019,21/02/2019 upto 0500 PM Only
"Madhya Pradesh State Legal Services Authority, MPSLSA Jabalpur",Group D Recruitment 2019,131,14/01/2019,7/2/2019
Union Public Service Commission,Combined Central Armed Police Force (Assistant Commandant Exam 2018),398,25/04/2018,21/05/2018 Upto 0600 PM Only
Navodaya Vidyalaya Samiti (NVS),Various Teaching / Non Teaching Recruitment 2019,251,15/01/2019,14/02/2019
"Uttar Pradesh Public Service Commission, Prayagraj",UPPSC Samiksha Adhikari RO / ARO 2017 Recruitment Mains Online Form,460,11/1/2019,18/01/2019
Uttar Pradesh Public Service Commission (UPPSC),PCS J Civil Judge Recruitment 2018,610,11/9/2018,8/10/2018
Join Indian Coast Guard (Ministry of Defence),Navik (General Duty) 10+2 Recruitment 2019,,21/01/2019,31/01/2019 upto 0500 PM Only
Union Public Service Commission (UPSC),National Defence Academy and Naval Academy Exam NDA I 2019,392,9/1/2019,04/02/2019 Upto 0600 PM Only
Bihar Public Service Commission (BPSC),Bihar Judicial Service (PCS J) Recruitment 2018,349,11/9/2018,1/10/2018
State Bank of India,SBI Specialist Officer in Regular / Contract Basis Recruitment 2019,31,9/1/2019,31/01/2019
Haryana Staff Selection Commission (HSSC),Haryana Junior Engineer Recruitment Recruitment 2019,49,4/2/2019,5/3/2019
High Court of Punjab & Haryana at Chandidgarh,Subordinate Staff Clerk Recruitment 2019,,7/1/2019,4/2/2019
Reserve Bank of India (RBI),Junior Engineer Civil / Electrical Recruitment 2019,24,7/1/2019,30/01/2019
The Indian Navy (Nausena Bharti),Engineer as a Short Service Commission Officer January 2020 Batch,99,12/1/2019,1/2/2019
Directorate of General (EDU Del) ,TGT / Primary Guest Teacher Recruitment 2019,636,5/1/2019,13/01/2019
Delhi High Court (DHC),Jr. Judicial Assistant JJA Technical Recruitment 2019,60,4/1/2019,23/01/2019 upto 10 PM Only.
CSBC â Bihar Central Selection Board of Constable,Forest Guard (Van Rakshak) Advt No. 01/2019 Recruitment 2019,902,1/1/2019,31/01/2019
Indian Air Force (Bharitya Vayu Sena),X Group | Y Group Airmen Recruitment Online Form 2019,,2/1/2019,21/01/2019
Haryana Staff Selection Commission HSSC,Various Instructor Practical Post Recruitment 2019,861,12/1/2019,11/2/2019
Uttar Pradesh Subordinate Service Selection Commission (UPSSSC),Nideshak Rajya Krishi Utpadan Mandi Parishad Evam Samitiya II Recruitment 2019,16,28/12/2018,12/1/2019
"UPPSC, Prayagraj - Uttar Pradesh Public Service Commission ",<b>Assistant Prosecuting Officer ,17,28-Dec-18,25-Jan-19
Haryana Staff Selection Commission HSSC,"Various Instructor, Other Post Recruitment 2019",1007,5/1/2019,4/2/2019
Railway Recruitment Cell (Western Central Region),RRC WCR Trade Apprentice Recruitment 2019,200,28/12/2018,27/01/2019 upto 04 PM Only.
Railway Recruitment Cell (Western Central Region),RRC WCR Trade Apprentice Recruitment 2019,958,21/12/2018,1
Delhi Development Authority (DDA),Various Post Direct Recruitment 2019,203,26/12/2018,05/02/2019 upto 0600 PM Only.
Karnataka Bank (KB Bank), Officer Scale I Recruitment 2019,,24/12/2018,2/1/2019
Employee State Insurance Corporation (ESIC),Staff Nurse and Other Various Paramedical Post Recruitment 2019,1007,18-Dec,21/01/2019
"Railway Recruitment Cell (Northern Region), Delhi",Various Trade Apprentice Recruitment 2019,1092,31/12/2018,31/01/2019
Railway Protection Force (RPF),Constable (Tradesman) Recruitment 2019,789,1/1/2019,30/01/2019
Railway Recruitment Board (Ministry of Railway),Assistant Loco Pilot ALP | Technician Recruitment 2018,26502,3/2/2018,31
Reserve Bank of India (RBI),Lateral Recruitment of Officers in Grade 'C' Contract Basic,61,19/12/2018,8/1/2019
Jharkhand Staff Selection Commission (JSSC),Special Branch Constable (Close Cadre) Competitive Recruitment 2019,1012,4/1/2019,18/02/2019
"National Health Mission NHM, Uttar Pradesh","ANM, Staff Nurse and Other Various Post Recruitment 2019",10158,18/12/2018,7/1/2019
High Court of Judicature at Allahabad (Prayagraj) ,"Samiksha Adhikari ARO, APS & Driver Recruitment 2019",341,18/12/2018,7/1/2019
"Madhya Pradesh High Court, MPHC",Civil Judge Grade II Recruitment 2019,190,27/12/2018,20/01/2019
The Indian Navy (Nausena Bharti),Sailor Entry SSR | AA | MR Recruitment 2019,3400,17/12/2018,30/12/2018
Madhya Pradesh High Court (MPHC),District Judge Entry Level (MPHJS) Recruitment 2019,55,21/12/2018,14/01/2019
Assam Rifles Rally Bharti,Technical & Tradesman Recruitment Rally 2018-2019,749,14/12/2018,14/01/2019
"Social Welfare Department, Uttar Pradesh",Pre Matric | Post Matric | Dashmottar Scholarship 2018,,Last Date for Apply Online,Courses Available
Railway Recruitment Cell South Western Railway,RRC Hubli SWR Trade Apprentice Recruitment 2018,963,17/12/2018,16/01/2019
Railway Recruitment Cell East Central Railway,RRC ECR Trade Apprentice Recruitment 2018,2234,11/12/2018,10/1/2019
Gail India Limited (GIL),"Senior Engineer, Senior Officer Various Post Recruitment 2018",,12/12/2018,31/12/2018
Oil and Natural Gas Corporation Limited (ONGC),Delhi & Dehradun Various Post Recruitment 2018,115,7/12/2018,27/12/2018 upto 06 PM Only.
Bharat Sanchar Nigam Limited (BSNL) ,Management Trainee (Telecom Operator) Recruitment 2018,300,26/12/2018,26/01/2019
Railway Recruitment Cell (Western Region),RRC WR Trade Apprentice Recruitment 2018,3553,10/12/2018,09/01/2019 upto 05 PM Only.
Madhya Pradesh Power Generation Company Ltd (MPPGCL),Apprentice Recruitment 2018,209,6/12/2018,31/12/2018
"Northern Coalfield Limited, NCL Singrauli",Apprentice Recruitment 2018,441,10/12/2018,12/1/2019
Lakshmi Vilas Bank (LVB Bank),LVB PO Probationary Officer Scale I Recruitment 2018,,5/12/2018,30/12/2018
Uttar Pradesh Subordinate Service Selection Commission (UPSSSC),Nideshak Rajya Krishi Utpadan Mandi Parishad Evam Samitiya Recruitment 2018,284,5/12/2018,26/12/2018
New India Assurance Company Ltd (NIACL),Administrative Officer (AO) Recruitment 2018,312,10/12/2018,26/12/2018
State Bank of India,SBI Specialist Officer in Internal Audit Recruitment 2019,39,4/12/2018,28/12/2018
South Indian Bank,SIB PO Probationary Officer Scale I Recruitment 2018,,10/12/2018,16/12/2018
Department of Post (India Post),Gramin Dak Sevak GDS Recruitment 2017-2018,,Last Date,
Bank of Baroda BOB,Specialist Officer SO Recruitment 2018,913,5/12/2018,26/12/2018
Exam Regulatory Authority Uttar Pradesh,UP 69000 Assistant Teacher Recruitment 2019,69000,6/12/2018,22/12/2018 upto 0600 PM Only
Career Indian Air Force Recruitment 2019,Airforce Common Admission Online Test (AFCAT 01/2019),,1/12/2018,30/12/2018
"North Central Railway (NCR), Allahabad",Various Trade Apprentice Recruitment 2018,703,30/11/2018,30/12/2018 upto 0500 PM Only
"North Western Railway (NWR), Jaipur",Various Trade Apprentice Recruitment 2018,2090,30/11/2018,30/12/2018 upto 0500 PM Only
"North Eastern Railway (NER), Gorakhpur",Various Trade Apprentice Recruitment 2018,745,30/11/2018,29/12/2018 upto 0500 PM Only
"Public Health Engineering Department, PHED Bihar",Assistant Engineer Recruitment 2018,70,26/11/2018,15/12/2018
"JPSC â Jharkhand Public Service Commission, Ranchi",JPSC Civil Judge PCS J Recruitment 2018,107,24/11/2018,24/12/2018 upto 1145 PM
"North Central Railway NCR, Prayagraj",Jhansi Division Various Trade Apprentice Recruitment 2018,446,23/11/2018,17/12/2018
"Board of Secondary Education, Haryana",Haryana Teacher Eligibility Test (HTET 2018),,19/11/2018,3/12/2018
Uttar Pradesh Police Recruitment and Promotion Board (UP PRPB),Male / Female Constable Phase II Recruitment October 2018,49568,19/11/2018,8/12/2018
Bihar Public Service Commission (BPSC),Child Development Project Officer (CDPO) Recruitment 2017,30,12/9/2017,10/10/2017
Employee State Insurance Corporation Delhi,ESIC Delhi Junior Engineer Recruitment 2018,79,16/11/2018,15/12/2018
<title>Rajasthan High Court Civil Judge Answer Key 2019,<title>Rajasthan High Court Civil Judge Answer Key 2019,197,26/11/2018,5/1/2019
High Court of Judicature at Allahabad (Prayagraj) ,Civil Court Various Post Recruitment 2018,3495,6/12/2018,26/12/2018
Gail India Limited,Various Post Recruitment 2018,160,14/11/2018,30/11/2018
"High Court of Delhi, New Delhi",Delhi Judicial Service Recruitment Examination 2018,147,22/11/2018,12/12/2018
"MPHC â High Court of Madhya Pradesh, Jabalpur",Assistant Grade AG III Recruitment 2018,49,14/11/2018,14/12/2018
High Court of Judicature at Allahabad,Higher Judicial Service HJS Part II Recruitment 2018,59,15/11/2018,14/12/2018
National Insurance Company Ltd (NICL),Account Apprentice Recruitment 2018,150,13/11/2018,27/11/2018
RBI â Reserve Bank of India,Security Guard in Various Officies Recruitment 2018,270,9/11/2018,30/11/2018
Uttar Pradesh Subordinate Service Selection,Junior Assistant Recruitment 2016 Online Form,5306,16-Feb,7/3/2016
Electricity Service Commission (ESC),UPPCL Assistant Engineer Recruitment 2018,299,6/11/2018,30/11/2018
Uttar Pradesh University of Medical Science (UPUMS),Staff Nurse Recruitment 2018,100,18-Oct,12/11/2018
Join Indian Coast Guard,Assistant Commandant AC Men and Women Group A Recruitment 2018,,18/11/2018,30/11/2018 upto 0500 PM Only
"Bihar Public Service Commission, Patna",BPSC Bihar Account Officer Recruitment 2018,32,27/11/2018,14/12/2018
Union Public Service Commission (UPSC),Combined Defence Services Exam (CDS I 2019),417,31/10/2018,26/11/2018 Till 0600 PM
Indian Navy (Join IndianNavy),Nausena Bharti 10+2 Intermediate B.Tech Entry July 2019,,3/11/2018,22/11/2018
Union Public Service Commission (UPSC),01/2019 Engineering Service Recruitment 2019,581,26/09/2018,22/10/2018 upto 06 PM Only
Join Indian Army (Government of India) ,10+2 Technical Entry Scheme Course TES 41 Recruitment 2018,90,29/10/2018,27/11/2018
Indo Tibetan Border Police Force (ITBP),Constable in Telecom Recruitment 2018,218,29/10/2018,4/12/2018
Uttar Pradesh Subordinate Service Selection Commission (UPSSSC),Combined Sub Engineer Recruitment 2018,1477,30/10/2018,30/11/2018
Institute of Banking Personal Selection IBPS,CRP SPL VIII Specialist Officer SO Recruitment 2018,1599,6/11/2018,26/11/2018
The Bihar State Cooperative Bank Ltd,Assistant Manager | Assistant Recruitment 2018,434,26/10/2018,22/11/2018
"Bank Note Press, Dewas (MP) A Unit of SPMCIL",Various Post Recruitment 2018,86,18-Oct,9/11/2018
"National Health Mission, NHM UP",Staff Nurse Recruitment 2018 Through Bridge Course (Ihat),1163,18-Oct,31/10/2018
Canara Bank,"Probationary Officers in JMG Scale I, PGDBF Recruitment 2018",450,23/10/2018,13/11/2018
Staff Selection Commission (SSC),Stenographer Group C | Group D Recruitment 2018,,22/10/2018,20/11/2018 Upto  0500 PM Only
Staff Selection Commission (SSC),"Junior Hindi Translator, Hindi Pradhyapak Recruitment 2018",,22/10/2018,20/11/2018 upto 0500 Pm Only
Ministry of Home Affairs (MHA),Intelligence Bureau IB Security Assistant / Executive Recruitment 2018,1054,20/10/2018,10/11/2018
Bihar Vidhan Sabha (Sachivalaya),Group D Various Post Recruitment 2018,166,23/10/2018,22/11/2018 upto 0500 PM Only
Bihar State Power Holding Company Ltd. BSPHCL,Various Post Recruitment 2018,,16/10/2018,31/10/2018 upto 0600 PM Only
"Eastern Railway (ER), Kolkata",Various Post Trade Apprentice Recruitment 2018,2907,15/10/2018,14/11/2018 upto 0500 PM Only
Uttar Pradesh State and Transport Limited (UPSRTC),Bus Conductor Recruitment 2018 in Various District UP,,9/10/2018,
Bihar Public Service Commission (BPSC),63 Combined State Service Examination 2017,355,13/11/2017,4/12/2017
Indo-Tibetan Border Police Force â ITBP,Constable (Animal Transport) Recruitment 2018,85,15/10/2018,13/11/2018
Union Public Service Commission (UPSC),Combined Geo Scientist and Geologist Recruitment 2018,70,21/03/2018,16/04/2018 upto 0600 PM Only
"Employee State Insurance Corporation, Delhi",Medical Officer (IMO Grade II Allopathic) Recruitment 2018,771,12/10/2018,10/11/2018
Staff Selection Commission (SSC),"Constable GD in CAPF, NIA, SSF, Assam Rifle Recruitment 2018",,17/08/2018,30/09/2018 upto 0500 PM only
Jharkhand Staff Selection Commission (JSSC),"LMV, HMV Vehicle Driver JHPDCE Recruitment 2018",84,15/10/2018,16/11/2018
"Railway Diesel Locomotive Work, DLW Varanasi",Various Trade Apprentice Recruitment 2018,374,8/10/2018,09/11/2018 upto 0445 PM only
Madhya Pradesh Public Service Commission (MPPSC),State Eligibility Test (SET) Examination 2018,,11/10/2018,11/11/2018
National Testing Agency (NTA),CBSE UGC National Eligibility Test December 2018,,1/9/2018,30/09/2018
Chhattisgarh State Power Holding Company (CSPHCL) ,Data Entry Operator Recruitment 2018,,6/10/2018,5/11/2018
Madhya Pradesh Kshetra Vidyut Vitran Company (MPCZ),Various Trade Apprentice Recruitment 2018,973,1/10/2018,31/10/2018
Join Indian Army,Havildar (Surveyor Automated Cartographer) Recruitment 2018,20,5/10/2018,03/11/2018 upto 0500 Pm
Join Indian Army,"JCO Religious Teacher RRT Course 87,88 Recruitment 2018",96,5/10/2018,03/11/2018 upto 0500 PM Only
All India Institute of Medical Science (AIIMS),Combined Nursing Officer (Staff Nurse) Recruitment 2018,2000,8/10/2018,29/10/2018 upto 0500 PM only
Army Welfare Education Society (AWES),Army School TGT | PGT | PRT Recruitment 2018,8000,1/10/2018,24
Indian Coast Guard,Navik Cook | Steward Domestic Branch Recruitment 2018,,15/10/2018,29/10/2018
"Rajasthan Staff Selection Board, Jaipur (RSMSSB)",Anganwadi Supervisor (Women) Recruitment 2018,309,4/10/2018,3/11/2018
Examination Regulatory Authority of Uttar Pradesh,Uttar Pradesh Teacher Eligibility Test (UPTET 2018),,18/09/2018,7/10/2018
"National Health Mission, NHM UP",Staff Nurse & Other Various Post Recruitment 2018,936,18-Sep,10/10/2018
Uttar Pradesh Public Service Commission (UPPSC),Various Post Direct Recruitment 2018,2437,1/10/2018,29/10/2018
Kendriya Vidyalaya Sangathan (KVS),TGT | PGT | PRT | Principal Recruitment 2018,8339,24/08/2018,23/09/2018
Union Public Service Commission (UPSC),Indian Economic Service | Indian Statistical Service Exam 2018,46,21/03/2018,16/04/2018 upto 0600 Pm Only
MP Professional Examination Board (MPPEB Vyapam),Middle School (Madhyamic) Teacher Eligibility Test (MS TET) 2018,5670,28/09/2018,30/10/2018
Council of Scientific and Industrial Research (CSIR),Joint CSR UGC Test for JRF & NET December 2018,,25/09/2018,17/10/2018 (Extended)
Indo-Tibetan Border Police Force â ITBP,Head Constable (Education & Stress Counsellor) Recruitment 2018,73,24/09/2018,23/10/2018
"Delhi High Court, New Delhi",DHC Personal Assistant PA Recruitment 2018,35,22/09/2018,12/10/2018
"ERDO - Education Research and Development Organization, Bihar",BTT | DEC | BEC Contract Based Recruitment 2018,13634,18-Sep,18/10/2018
Bihar State Power Holding Company Limited,Advt No. 08/2018 Various Post Recruitment 2018,2050,18/09/2018,08/10/2018 upto 0600 PM Only
Institute of Banking Personal Selection (IBPS),CRP Clerk VIII Recruitment 2018,7275,18/09/2018,10/10/2018
Union Public Service Commission (UPSC),Combined Medical Services Examination 2018,454,2/5/2018,25/05/2018 upto 0600 PM Only
Indian Navy (Nausena Bharti),Executive Branch (Logistics & Law) Recruitment 2018,37,15/09/2018,5/10/2018
Staff Selection Commission (SSC),Stenographer Group C | Group D Recruitment 2017,,19/06/2017,15/07/2017 Upto  0500 PM Only
Vijay Bank (VB),Assistant Manager in Credit Recruitment 2018,330,12/9/2018,27/09/2018
Madhya Pradesh Professional Examination Board (MPPEB),High School Teacher Eligibility Test (TET),17000,11/9/2018,30/10/2018
"Northern Coalfield Limited (NCL, Singrauli)",Various Operator Recruitment 2018,839,18-Sep,24/09/2018
Employee State Insurance Corporation (ESIC),Social Security Officer SSO / Manager II Recruitment 2018,539,7/9/2018,5/10/2018
Rajasthan Vidhut VItran Nigam Limited (RVVUNL),Combined Technical Helper II Recruitment 2018,2412,7/9/2018,21/09/2018
Central Board of Secondary Education (CBSE),Central Teacher Eligibility Test CTET September 2018,,1/8/2018,27/08/2018
Rastriya Ispat Nigam Limited (Vizag Steel),Junior Trainee Recruitment 2018,664,5/9/2019,25/09/2019
Uttrakhand Public Service Commission (UKPSC),Lecturer in Various Subject Direct Recruitment 2018,917,4/9/2018,10/10/2018
Security and Exchange Board of India (SEBI),Officer Grade A (Assistant Manager) Recruitment 2018,120,15/09/2018,7/10/2018
Naval Dockyard HQ (Mumbai),Trade Apprentice Recruitment 2018,318,2/9/2018,21/09/2018
Staff Selection Commission (SSC),Various Selection Post Recruitment 2018,1136,5/9/2018,12/10/2018 Upto 0500 PM Only
Union Public Service Commission (UPSC),Civil Services and Indian Forest Examination 2018,892,7/2/2018,06/03/2018 Upto 0600 PM Only
Haryana Public Service Commission (HPSC),H.C.S. (Judicial Branch) Civil Judge Recruitment 2018,107,1/9/2018,30/09/2018
"Madhya Pradesh Professional Examination Board (MPPEB, Vyapam)",MAPIT E Governance Accountant and Other Post Recruitment 2018,150,1/9/2018,24/09/2018
"Panchayati Raj Department, PRD Bihar",Technical Assistant | Accountant Cum IT Assistant Recruitment 2018,4192,28/08/2018,27/09/2018 upto 0300 PM Only
Uttar Pradesh Subordinate Service Selection Commission (UPSSSC),Assistant Accountant / Auditor Recruitment 2016,2874,13/06/2016,30/07/2016
Haryana Staff Selection Commission HSSC,Group D Various Post Recruitment 2018,18218,29/08/2018,24/09/2018 (Extended)
"Madhya Pradesh High Court, Jabalpur",English Stenographer | Law Clerk | Translator Recruitment 2018,47,10/5/2018,11/6/2018
National Bank for Agriculture and Rural Development (NABARD),Development Assistant Recruitment 2018 Online Form,62,27/08/2018,12/9/2018
Chhattisgarh Police,Sub Inspector and Other Post Recruitment 2018,,24/08/2018,16/09/2018
"Rajasthan Staff Selection Board, Jaipur (RSMSSB)",NTT Teacher Recruitment 2018,1310,29/09/2018,28/10/2018
MP Trade and Investment Facilitation Corporation Ltd (MPTRIFAC),Assistant Grade I & II | Junior Engineer Recruitment 2018,45,18-Aug,26/08/2018
LIC Housing Finance Ltd (LIF HFL),Assistant | Associates & Manager Recruitment 2018,300,21/08/2018,6/9/2018
Indian Navy (Nausena Bharti),"Short Service Commission in ATC, Pilot, Observer Recruitment 2018",22,25/08/2018,14/09/2018
Uttar Pradesh Public Service Commission (UPPSC),Assistant Conservator of Forest and Range Forest Officer Recruitment 2017,137,5/5/2017,1/6/2017
Indo-Tibetan Border Police Force â ITBP,Sub Inspector | Assistant Sub Inspector | Head Constable | Constable Recruitment 2018,405,25/09/2018,
Reserve Bank of India (RBI),Specialist Officer Various Post Recruitment 2018,60,17/08/2018,7/9/2018
Federal Bank,Clerk | Officer Recruitment 2018,,14/08/2018,27/08/2018
Rajasthan Subordinate and Ministerial Service Selection Board,RSMSSB Pharmacist Recruitment 2018,1736,16/08/2018,15/09/2018
Madhya Pradesh Jal Nigam Maryadit (MPJN),Manager & Dy. Manager Recruitment 2018,40,16/08/2018,5/9/2018
Uttar Pradesh Public Service Commission (UPPSC),Staff Nurse Male / Female Recruitment 2017,3838,12/1/2017,9/2/2017
Union Public Service Commission (UPSC),Engineering Service Examination 2018,588,9/8/2018,20/08/2018 Upto 0600 PM Only
Institute of Banking Personal Selection (IBPS),Probationary Officer / Management Trainee Recruitment 2018,4102,14/08/2018,4/9/2018
Sashastra Seema Bal (SSB),SI | ASI | Head Constable Recruitment 2018,181,11/8/2018,9/9/2018
Union Public Service Commission (UPSC),Combined Defence Service Exam II Recruitment 2018,414,8/8/2018,03/09/2018 Upto 0600 PM Only
Sanjay Gandhi Post Graduate Institute of Medical Science ,"SGPGI Lucknow, Various Post Recruitment 2018",178,2/8/2018,1/9/2018
Madhya Pradesh Professional Examination Board (MPPEB),Jail Prahari (Constable) Recruitment 2018,475,11/8/2018,27/08/2018
Uttar Pradesh ITI Admission 2018,UPITI 2018 Regular / Private Online Application Form,,30/04/2018,25/05/2018
"Madhya Pradesh High Court, MPHC",Civil Judge Grade II Recruitment 2018,140,5/8/2018,4/9/2018
Rajasthan Education Department,Grade III Level II Teacher Recruitment 2018,28000,3/8/2018,23/08/2018
"Railway Recruitment Cell, RRC Chennai",Safai Wala & Paramedical Staff Contact Basis Recruitment 2018,328,27/07/2018,27/08/2018 upto 0500 PM Only
Indian Bank | Manipal School of Banking,Probationary Officer Scale I Through PGDBF Course Admission 2018,417,1/8/2018,27/08/2018
Bhabha Atomic Research Center (BARC),Stipendiary Trainees Various Post Recruitment 2018,224,28/07/2018,20/08/2018
The Indian Navy (Nausena Bharti),Engineer as a Short Service Commission Officer June 2019 Batch,118,4/8/2018,24/08/2018
Defence Research & Development Organization (DRDO CEPTAM-09),Senior Technical Assistant Various Post Recruitment 2018,494,4/8/2018,13/09/2018 (Extended)
Railway Dedicated Freight Corridor Corporation of India (DFCCIL),Executive | Junior Executive | Multi Tasking MTS Recruitment 2018,1584,1/8/2018,31/08/2018
Jharkhand Staff Selection Commission (JSSC),Paramedical & Nursing Staff in Jail Hospitals Recruitment 2018,113,1/8/2018,30/08/2018
Uttar Pradesh Subordinate Service Selection Commission (UPSSSC),Tubewell Operator Recruitment 2016 Online Form,3210,8/7/2016,27/07/2016
Rajasthan Jail Department,Jail Prahari (Warden) Recruitment 2018,670,26/07/2018,16/08/2018
Sanjay Gandhi Postgraduate Institute of Medical Science (SGPGI),UP Lucknow Sister Grade II (Staff Nurse) Recruitment 2018,495,9/7/2018,8/8/2018
Madhya Pradesh Professional Examination Board (MPPEB),Sub Engineer Group 3 Recruitment 2018,1073,27/07/2018,12/8/2018
Chhattisgarh State Power Holding Company (CSPDCL),Various Post Recruitment 2018,125,19/07/2018,8/8/2018
Uttar Pradesh Subordinate Service Selection Commission (UPSSSC),Agriculture Service Technical Assistant Class III Recruitment 2018,2059,21/07/2018,23/08/2018
Rajasthan Police,Constable in MBC Batallion Banswada Recruitment 2018,623,21/07/2018,10/8/2018
<title>MPWZ Various Post Online Form 2018,<title>MPWZ Various Post Online Form 2018,62,14/07/2018,3/8/2018
"Indian Navy HQ VASCO-DA-GAMA, Goa",Group C Various Post Recruitment 2018,76,18/07/2018,04/08/2018 (upto 05 PM Only
The New India Assurance Company Ltd (NIACL),Assistant Recruitment in Various State 2018,685,16/07/2018,31/07/2018
Join Indian Coast Guard (Ministry of Defence),Yantrik 01/2019 Batch Recruitment 2018,,23/07/2018,01/08/2018 upto 0500 PM Only
Railway Protection Force (RPF),Constable Male / Female Recruitment 2018,8619,1/6/2018,30/06/2018
Join Indian Army,52 SSC Men & 23 SSC Women Recruitment 2018,189,9/7/2018,12/8/2018
Examination Regulation Authority UP Allahabad,UP DELEd (BTC) Admission Online Form 2018,,11/5/2018,31/05/2018
Bihar State Power Holding Company Limited,Advt No. 06/07-2018 Junior Engineer Recruitment 2018,575,7/6/2018,25/07/2018 upto 0600 PM Only
"Department of Medical, Health and Family Welfare Rajasthan",Female Health Worker Direct Recruitment 2018,5602,22/06/2018,23/07/2018
Delhi Subordinate Service Selection Board (DSSSB),Various Post Recruitment 2018,1650,13/07/2018,13/08/2018
Madhya Pradesh State Education Center (MPSEC),MP BTC (D.El.Ed) Admission 2018,,28/06/2018,12/7/2018
Rajasthan Subordinate and Ministerial Service Selection Board,RSMSSB Agriculture Supervisor (Krishi Parvekshak) Recruitment 2018,1832,5/7/2018,3/8/2018
Uttar Pradesh National Health Mission UPNHM,Various Post Recruitment 2018,2390,18-Jun,18/07/2018
UP Join Entrance Examination JEECUP 2018,Polytechnic Diploma Admission 2018,,21/12/2017,12/3/2018
Uttar Pradesh Public Service Commission (UPPSC),Combined State Upper Subordinate Service Exam PCS Recruitment 2018,917,6/7/2018,2/8/2018
Airport Authority of India (AAI) ,Various Junior Executive Recruitment 2018,908,16/07/2018,15/09/2018
Rajasthan Subordinate and Ministerial Service Selection Board,RSMSSB Stenographer Recruitment 2018,1085,12/7/2018,10/8/2018
Staff Selection Commission (SSC),Junior Engineer Recruitment 2017,,21/10/2017,17/11/2017 Upto 0500 PM Only
Integrated Coach Factory (ICF) Chennai,Various Apprentice Post Recruitment 2018,697,8/7/2018,08/08/2018 upto 0500 PM Only
"Railway Recruitment, Bilaspur (SECR)",Various Apprentice Post Recruitment 2018,432,1/7/2018,31/07/2018 upto 0600 PM Only
Indian Air Force (Bharitya Vayu Sena),X Group | Y Group Airmen Recruitment Online Form 2018,,3/7/2018,25/07/2018
Rajasthan Vidhut VItran Nigam Limited (RVVUNL),Combined Technical Helper Recruitment 2018,2433,2/7/2018,31/07/2018
Reserve Bank of India (RBI),Officers in Grade B Recruitment 2018,166,3/7/2018,23/07/2018
Join Indian Coast Guard (Ministry of Defence),Navik (General Duty) 10+2 Recruitment 2018,,1/7/2018,10/07/2018 upto 0500 PM Only
Madhya Pradesh Professional Examination Board (MPPEB),Combined Assistant Grade III | Stenographer | DEO | Other Post Recruitment 2018,2714,22/06/2018,10/7/2018
Madhya Pradesh Professional Examination Board (MPPEB),Combined Assistant Auditor | Accountant | Other Post Recruitment 2018,356,29/06/2018,13/07/2018
Rajasthan Subordinate and Ministerial Service Selection Board,RSMSSB Librarian Grade III Recruitment 2018,700,28/06/2018,27/07/2018
Delhi Subordinate Service Selection Board (DSSSB),Primary Teacher Recruitment 2018,4366,2/7/2018,30/07/2018
"Dr. A.P.J. Abdul Kalam Technical University , AKTU, UPTU Lucknow",Uttar Pradesh State Entrance Examination UPSEE 2018,,23/01/2018,30/03/2018 Upto 0500 PM Only
Uttar Pradesh Pre Medical Exam (UPNEET),Online Counseling | Registration | Choice Filling,,20/06/2018,24/06/2018
The South Indian Bank Ltd (SIB),Probationary Officer Scale I Through PGDBF Course Admission 2018,100,0/06/2018,27/06/2018
Central Board of Secondary Education (CBSE),Joint Entrance Examination (JEE MAIN) 2018,,1/12/2017,1/1/2018
Central Board of Secondary Education CBSE,National Eligibility Cum Entrance Test (NEET 2018),,8/2/2018,12/03/2018 (Extended)
Rajasthan Rajya Vidhut Utpadan Nigam Ltd (RVUNL),JE / AE Other Various Post Recruitment 2018,1197,14/06/2018,2/7/2018
Bank of Baroda (BOB),JMG Scale I PO Admission to Baroda Manipal School of Banking,600,12/6/2018,2/7/2018
Indian Institute of Technology (IIT Kanpur),IITK Various Post Recruitment 2018,77,18/05/2018,19/06/2018
MP Poorv Kshetra Vidhut Vitaran Company Ltd (MPEZ) & MPPTCL,Various Post TA / LA / JE / Accountant Recruitment 2018,229,2/6/2018,1/7/2018
Join Indian Navy (Nausena Bharti),"Stewards, Chefs And Hygienists for MR April 2019 Batch Recruitment",,18/06/2018,1/7/2018
"The National University of Advanced Legal Studies, Kochi, Kerala, India ",Common Law Admission Test (CLAT 2018) ,,1/1/2018,31/03/2018
Rajasthan Public Service Commission (RPSC),School Lecturer (School Education) Recruitment 2018,5000,17/05/2018,16/06/2018
Institute of Banking Personal Selection,IBPS CRP VII Office Scale I & Office Assistant Recruitment 2018,,8/6/2018,2/7/2018
Union Public Service Commission (UPSC),National Defence Academy & Naval Academy Exam II 2018,383,6/6/2018,02/07/2018 upto 0600 PM only
Madhya Pradesh Public Service Commission (MPPSC),Granthapal (Librarian) & Krida Adhikari (Sports Officer) Recruitment 2018,619,5/6/2018,4/7/2018
Railway Protection Force (RPF),Sub Inspector SI Recruitment 2018,1120,1/6/2018,30/06/2018
Uttar Pradesh Joint Entrance Exam | JEE BEd,Conducted By : University of Lucknow (UOL),,15/02/2018,23/03/2018(Extended)
Uttar Pradesh Public Service Commission (UPPSC),LT Grade Assistant Teacher Recruitment 2018,10768,15/03/2018,12/4/2018
"National Health Mission NHM, Uttar Pradesh",Staff Nurse | Lab Technician | Microbiologist Recruitment 2018,817,18-May,2/6/2018
Rajasthan Subordinate Service Selection Board,RSMSSB Physical Training Instructor (PTI) Recruitment 2018,4500,31/05/2018,29/06/2018
Uttar Pradesh Subordinate Service Selection Commission (UPSSSC),"Gram Panchyat Adhikari , Gram Vikas Adhikari and Samaj Kalyan Prayveksh Recruitment 2018",1953,30/05/2018,25/06/2018
Career Indian Air Force Recruitment 2018,Airforce Common Admission Online Test (AFCAT 02/2018),,16/06/2018,15/07/2018
Indira Gandhi Center for Atomic Research (IGCAR),Various Post Recruitment 2018,248,14/05/2018,17/06/2018 upto 0500 PM only
Bihar Central Selection Board of Constable CSBC,Bihar Police Constable Recruitment 2018,11865,28/05/2018,30/06/2018
Indian Navy (Join IndianNavy),Nausena Bharti 10+2 Intermediate B.Tech Entry January 2019,,2/6/2018,21/06/2018
"Department of Police, Rajasthan",Constable GD and Other Post Recruitment 2018,13142,25/05/2018,14/06/2018
The Indian Navy (Join Indian Navy),Nausena Bharti Sailor Entry 10+2 SSR | AA Recruitment 2018,,2/6/2018,15/06/2018
State Power Companies of Rajasthan,Rajasthan Vidhut RRVUNL Various Post Recruitment 2018,3220,22/05/2018,11/6/2018
Bihar Police Sub-Ordinate Services Commission BPSSC,Sub Inspector SI in Bihar Excise Department Recruitment 2018,126,22/05/2018,30/06/2018
Uttar Pradesh Public Service Commission (UPPSC),Various Post Direct Recruitment 2018,1105,18/05/2018,14/06/2018
Defence Research and Development Organisation (DRDO),Scientist Grade B Recruitment 2018,41,12/5/2018,2/6/2018
Indian Army (Permanent Commission),Technical Entry Scheme (10+2 TES-40) Recruitment 2018,90,16/05/2018,14/06/2018 upto 1159 AM Only
South Indian Bank,SIB PO Probationary Officer Scale I Recruitment 2018,150,16/05/2018,25/05/2018
Bihar State Power Holding Company Limited,Advt No. 05/2018 Account Officer Recruitment 2018,30,15/05/2018,05/06/2018 upto 0600 PM Only
"Public Service Commission, Madhya Pradesh",Associate Professor Recruitment 2018,32,15/05/2018,14/06/2018
High Court of Judicature at Allahabad,Higher Judicial Service HJS 2018 Recruitment,37,15/05/2018,14/06/2018
Bihar State Power (Holding) Company Limited, A Govt of Bihar Undertaking Junior Account Clerk Recruitment 2018,350,11/5/2018,31/05/2018 upto 0600 PM Only
Rajasthan Subordinate and Ministerial Services Selection Board (RSMSSB) ,Lower Division Clerk LDC & Junior Assistant Recruitment 2018,11255,10/5/2018,15/06/2018(Extended)
Rajasthan Subordinate Service Selection Board (RSMSSB),Lab Assistant (LA) Recruitment 2018,1200,14/06/2018,18/07/2018
Join Indian Coast Guard,Assistant Commandant AC Men and Women Group A Recruitment 2018,,19/05/2018,01/06/2018 upto 0500 PM Only
Rajasthan Public Service Commission (RPSC),Senior Grade II Teacher (TGT) TSP / Non TSP Area Recruitment 2018,9000,10/5/2018,9/6/2018
"Madhya Pradesh Public Service Commission (MPPSC, Indore)",Assistant Registrar (Sahayak Kulsachiv) Recruitment 2018,29,10/5/2018,9/6/2018
"High Court of Jharkhand, Ranchi",English Stenographer & Personal Assistant Recruitment 2018,181,10/5/2018,24/05/2018
Bihar State Power (Holding) Company Limited, A Govt of Bihar Undertaking Assistant Recruitment 2018,90,8/5/2018,29/05/2018 upto 0600 PM Only
Staff Selection Commission (SSC),Combined Graduate Level CGL Recruitment 2018,,5/5/2018,5/6/2017
Broadcasting Engineering Consultants India Limited (BECIL),Programme Coordinator Contract Basis Recruitment 2018,300,28/04/2018,21/05/2018
"Naval Dockyard, Mumbai (Ministry of Defence)",Navy Group C Fire Man Recruitment 2018,95,30/04/2018,19/05/2018
Madhya Pradesh Public Service Commission (MPPSC),State Services Examination | Forest Exam Recruitment 2018,308,18/12/2017,8/1/2018
Chhattisgarh Public Service Commission (CGPCS),State Service Prelim Exam Recruitment 2017,303,9/12/2017,7/1/2018
Central Board of Secondary Education (CBSE),UGC National Eligibility Test / Lecturer / JRF Examination July 2018,,6/3/2018,12/4/2018
Rajasthan Public Service Commission (RPSC),Sub Inspector | Platoon Commander Recruitment Online Form 2018,330,25/04/2018,24/05/2018
MP Madhya Pradesh High Court Online Form 2018,"Cook, Sweeper, Gardener, Peon Recruitment 2018",40,23/04/2018,22/05/2018
Rajasthan Education Department (RED),Primary / Upper Primary School Grade III Teacher Recruitment 2018,26000,14/04/2018,30/04/2018
Rajasthan Public Service Commission (RPSC),Senior Grade II Teacher (TGT) TSP / Non TSP Area Recruitment 2017-18,707,17/04/2018,12/5/2018
Rajasthan Public Service Commission (RPSC),School Lecturer Recruitment 2017-18,134,20/04/2018,9/5/2018
Rajasthan Public Service Commission (RPSC),Physiotherapist Recruitment 2018 ,30,17/04/2018,1/5/2018
Rajasthan Subordinate and Ministerial Service Selection Board (RSMSSB),Various Post in Various Department Recruitment 2018,2512,22/03/2018,20/04/2018
State Bank of India (SBI),Probationary Officer (PO) Recruitment 2018,2000,21/04/2018,13/05/2018
National Thermal Power Corporation Limited (NTPC),Diploma Trainee Recruitment 2018,362,18/04/2018,9/5/2018
<title>Bihar Police ASI Steno Mains Result 2019,<title>Bihar Police ASI Steno Mains Result 2019,174,18/04/2018,24/05/2018
Haryana Staff Selection Commission (HSSC),Haryana Police Department Constable ans SI Recruitment 2018,7110,28/04/2018,28/05/2018
Rajasthan Public Service Commission (RPSC),Assistant Agriculture Research Officer (AARO) Recruitment 2018,52,23/05/2018,13/06/2018
Madhya Pradesh High Court (MPHC),District Judge Entry Level (MPHJS) Recruitment 2018,28,13/04/2018,30/04/2018
Madhya Pradesh Public Service Commission (MPPSC),Assistant Professor Recruitment 2017,2968,15/01/2018,10/05/2018(Extended)
Kendirya Vidyalaya Sangathan (KVS),Departmental Competitive Exam Through LDCE 2018,5193,11/4/2018,25/04/2018
"Department of Medical, Health & Family Welfare, Rajasthan",Male / Female Staff Nurse Direct Recruitment 2018,4514,12/4/2018,12/5/2018
Rajasthan Public Service Commission (RPSC),Various Advertisement No and Various Post Recruitment 2018,,,
Indian Space Research Organization (ISRO),Junior Personal Assistant | Stenographer Recruitment 2018,171,10/4/2018,30/04/2018
Madhya Pradesh Professional Examination Board (MPPEB),Mahila Swastha Karyakarta Prashikshan (ANM) Test 2018,740,9/4/2018,23/04/2018
Rajasthan Public Service Commission (RPSC),Protection Officer Recruitment 2018,20,5/4/2018,19/05/2018
Rajasthan Public Service Commission (RPSC),Head Master Teacher Recruitment 2018 in Secondary Schoo,1200,9/4/2018,8/5/2018
Indian Bank (IB),Specialist Officer SO Recruitment 2018,145,10/4/2018,2/5/2018
Haryana Staff Selection Commission (HSSC),Fire Operator Cum Driver Recruitment 2018,1646,6/4/2018,6/5/2018
Madhya Pradesh Saugor Cantonment Board (MPSCB),Various Post Recruitment 2018,31,31/03/2018,30/04/2018
Rajasthan Public Service Commission (RPSC),State Service Exam (RAS/RTS) Recruitment 2018,980,12/4/2018,11/5/2018
Madhya Pradesh Professional Examination Board (MPPEB),Marketing Federation Exam Recruitment 2018,184,26/03/2018,9/4/2018
Madhya Pradesh Professional Examination Board (MP PEB),"Group 2 Sub Group 4 (AG I, III, Other Post) Recruitment 2018",157,24/03/2018,7/4/2018
Supreme Court of India,SCI Junior Court Attendant | Chamber Attendant Recruitment 2018,78,21/03/2018,15/04/2018
Bureau of Indian Standards (BIS),Scientist Grade B (Engineering) Recruitment 2018,109,16/03/2018,2/4/2018
State Bank of India SBI,Various Specialist Officer Post Recruitment 2018,119,20/03/2018,7/4/2018
Bhabha Atomic Research Center (BARC),Stenographer | Junior Purchase Assistant Recruitment 2018,11,17/03/2018,16/04/2018
Bihar State Power Holding Company Limited,BSPHCL Assistant Engineer AE Recruitment 2018,240,16/03/2018,31/03/2018
National Bank for Agriculture and Rural Development,NABARD Various Group A (Assistant Manager) Recruitment 2018,92,13/03/2018,2/4/2018
Uttar Pradesh Subordinate Service Selection Commission (UPSSSC),Exercise Trainer | Development Team Officer Recruitment 2018,694,,
Council of Scientific and Industrial Research (CSIR),Joint CSR UGC Test for JRF & NET June 2018,,5/3/2018,26/03/2018
Jharkhand Public Service Commission (JPSC),Assistant Public Prosecutor (APO) Recruitment 2018,143,23/02/2018,8/4/2018
Staff Selection Commission (SSC),Sub Inspector CPO SI Recruitment 2018,1223,3/3/2018,13/04/2018 upto 0500 Pm Only
"Rajasthan Subordinate and Ministerial Services Selection Board, Jaipur",RSMSSB Informatics Assistant (Suchna Sahayak) Recruitment 2018,1302,8/3/2018,6/4/2018
Jharkhand Staff Selection Commission (JSSC),Jharkhand State Field Clerk Limited (FCLCE) Recruitment 2018,265,5/3/2018,16/04/2018
Madhya Pradesh Professional Examination Board (MPPEB),Kanishath Appoorti Officer & Other Various Post Recruitment 2018,219,27/02/2018,13/03/2018
"Rajasthan Subordinate and Ministerial Services Selection Board, Jaipur",RSMSSB Computer Direct Recruitment 2018,400,26/02/2018,27/03/2018
National Building Construction Corporation Limited (NBCC India),Junior Engineer and Other Post Recruitment 2018,33,24/02/2018,25/03/2018 upto 0600 PM Only
LMRC Lucknow Metro Rail Corporation Ltd,Non Executive Various Post Recruitment 2018,358,23/02/2018,27/03/2018
LMRC Lucknow Metro Rail Corporation Ltd,Assistant Manager Executive Post Recruitment 2018,28,23/02/2018,27/03/2018
Railway Coach Factory (RCF),Trade Apprentice Recruitment 2018,195,17/02/2018,19/03/2018 upto 0500 PM Only
Central Selection Board of Constable (CSBC),Bihar Police Constable Driver Recruitment 2018,1669,21/02/2018,23/03/2018
Uttar Pradesh Power Corporation Limited (UPPCL),Various Post Recruitment 2018,2842,21/02/2018,13/03/2018
Madhya Pradesh Professional Examination Board (MPPEB) ,MP Police Constable Recruitment 2017,14088,8/6/2017,11/7/2017
Indian Oil Corporation Limited (IOCL),Northern Region Various Apprentice Post Recruitment 2018,225,10/2/2018,25/02/2018
Agriculture Scientist Recruitment Board (ASRB),Agriculture Research Service ARS Com. with National Eligibility Test NET 2018,195,6/2/2018,2/3/2018
Combined Industrial Security Force (CISF),Constable Driver Recruitment 2018,447,19/02/2018,19/02/2018
Indian Army Rally | Join Indian Army,Uttar Pradesh UP Various Post Recruitment 2018,,10/2/2018,26/03/2018
"Uttar Pradesh Basic Education Board, Allahabad",Inter District Teacher Transfer Online Application 2018,,16/01/2018,15/02/2018 Till 0500 PM
Rajasthan High Court (RHC),Class IV Group D Recruitment in TSP and Non TSP Area 2018,2309,12/2/2018,13/03/2018
Indo Tibetan Border Police Force (ITBP),Constable Driver Recruitment 2018,134,14/02/2018,15/03/2018
IDBI Bank Limited,IDBI Executive Post Recruitment 2018,760,6/2/2018,28/02/2018
<title>Allahabad High Court Class IV 91 Post Recruitment 2018,<title>Allahabad High Court Class IV 91 Post Recruitment 2018,91,6/2/2018,11/05/2018 (Extended)
Supreme Court of India (SCI),Court Assistant Recruitment 2018,,1/2/2018,28/02/2018
Indian Coast Guard,Navik in (Domestic Branch) Recruitment 2018,,10/2/2018,16/02/2018 upto 0500 PM Only
Indian Space Research Organization (ISRO),Scientist / Engineer Recruitment 2018,106,31/01/2018,20/02/2018
Railway Recruitment Cell (RRC),East Central Railway (ECR) Trade Apprentice Recruitment 2018,1898,30/01/2018,28/02/2018
Reserve Bank of India (RBI),Special Drive Assistant Recruitment for PWD Candidates 2018,27,30/01/2018,19/02/2018
Uttar Pradesh Public Service Commission (UPPSC),Combined State Upper Subordinate Service Exam PCS Recruitment 2017,251,9/5/2017,6/6/2017
"Social Welfare Department, Uttar Pradesh",Pre Matric | Post Matric | Dashmottar Scholarship 2017,,Last Date for Apply Online,Courses Available
"Chhattisgarh Police Head Quarter, Raipur",CG Police Constable in Various Trade Recruitment 2018,1786,26/01/2018,15/02/2018
Delhi Metro Rail Corporation Limited (DMRC),Regular / Special Various Post Recruitment 2018,1985,27/01/2018,12/03/2018 (Extended)
State Bank of India (SBI),Junior Associates Clerk in Support and Sales Recruitment 2018,8301,20/01/2018,10/2/2018
The Indian Navy (Join Indian Navy),Sailor Entry 10+2 SSR | AA Recruitment 2018,,27/11/2017,13/12/2017
Union Public Service Commission (UPSC),National Defence Academy and Naval Academy Exam NDA I 2018,415,15/01/2018,05/02/2018 Upto 0600 PM Only
Uttar Pradesh Police Recruitment and Promotion Board (UP PRPB),Male / Female Constable Recruitment 2018,41520,22/01/2018,22/02/2018
Department of Science & Technology (MP Government),Computer Proficiency Certification Test (MP CPCT 2018),,7/1/2018,28/01/2018
Canara Bank Recruitment 2018,"Probationary Officers in JMG Scale I, PGDBF",450,9/1/2018,31/01/2018
The Indian Navy (Nausena Bharti),Engineer as a Short Service Commission Officer Recruitment 2018,108,5/1/2018,25/01/2018
Join Indian Coast Guard (Ministry of Defence),Yantrik 02/2018 Batch Recruitment 2018,,12/1/2018,19/01/2018 upto 0500 PM Only
Uttar Pradesh Public Service Commission (UPPSC),Various Post Direct Recruitment 2018,,30/12/2017,25/01/2018
Employment Department Uttar Pradesh,UP Rojgar Mela Online Registration 2018,,3/1/2018,15/02/2018
"Chhattisgarh Police Department, New Raipur",CG Police Constable in Various Trade Recruitment 2018,2258,3/1/2018,4/2/2018
Export Credit Guarantee Corporation of India (ECGC),Probationary Officer PO Recruitment 2018,32,1/1/2018,15/01/2018
Uttar Pradesh Public Service Commission (UPPSC),Review Officer | Assistant Review Officer (RO / ARO) Recruitment 2017,460,30/12/2017,25/01/2018
Syndicate Bank | Manipal University | Nitte University,Probationary Officer PO in JMG Scale I Recruitment 2018,500,2/1/2018,17/01/2018
Examination Regulatory Authority UP Allahabad,CT Nursery | NTT | D.Ped 2015-2016 Online Registration 2018,,27/12/2017,25/01/2018 Upto 0600 PM Only
Chhattisgarh Public Service Commission (CGPSC),State Forest Examination Recruitment 2018,59,8/1/2018,6/2/2018
Indo Tibetan Boarder Police Force (ITBP),Constable | Head Constable in Motor Mechanic Recruitment 2018,241,2/1/2018,31/01/2018
Bihar Public Service Commission (BPSC),"60, 61 and 62 Common Combined Preliminary Exam 2016",642,27/09/2016,31/10/2016
Delhi Subordinate Services Selection Board (DSSSB),TGT / PGT Teacher Recruitment 2018,9232,5/1/2018,31/01/2018
Join Indian Coast Guard,10+2 Navik GD Recruitment 2018,,24/12/2017,2/1/2018
High Court of Judicature at Allahabad,Lift Operator & Mechanic Recruitment 2018,38,21/12/2017,8/1/2018
Kendriya Vidyalaya Sangathan (KVS),Non Teaching Various Post Recruitment 2018,1017,21/12/2017,11/1/2018
South Indian Bank (SIB),Probationary Clerk Recruitment 2017,468,20/12/2017,30/12/2017
Army Ordinance Corps,Various Post Group C Recruitment 2017,818,17-Dec,26/12/2017
Madhya Pradesh Professional Examination Board (MPPEB),Sub Group 1 Combined Recruitment 2018,249,14/12/2017,28/12/2017
Career Indian Air Force Recruitment 2018,Airforce Common Admission Online Test (AFCAT 01/2018),,16/12/2017,23/01/2018
MP Power Transmission Company Ltd (MPTRANSCO),Line Attendant Recruitment (Contract) 2017,70,15/12/2017,14/01/2018
Railway Recruitment Cell (RRC Delhi),Northern Region NR Trade Apprentice Online Form 2017,3162,28/12/2017,27/01/2018 upto 0500 PM
Uttar Pradesh Power Corporation Ltd (UPPCL),APS | ARO (Samiksha Adhikari) Recruitment 2017,80,14/12/2017,29/12/2017
Uttar Pradesh Power Corporation Limited (UPPCL),Office Assistant | Stenographer Recruitment 2017,2523,14/12/2017,29/12/2017
Uttar Pradesh Power Corporation Ltd (UPPCL),Office Assistant Account Grade III Recruitment 2017,30,14/12/2017,29/12/2017
Jharkhand Staff Selection Commission (JSSC) ,Post Graduate Teacher PGT Recruitment 2017,3080,11/12/2017,10/1/2018
"South Eastern Railway (SER), Kolkata",Various Trade Apprentice Recruitment 2017,1785,4/12/2017,02/01/2018 upto 0500 PM Only
Delhi Police (DP),Multi Tasking Staff MTS Recruitment 2017,707,17/12/2017,16/01/2018
Central Industrial Security Force (CISF),Constable / Fire (Male) Recruitment 2017,332,11/12/2017,11/1/2018
Indian Air Force (Bharitya Vayu Sena),X Group | Y Group Airmen Recruitment Online Form 2018,,15/12/2017,17/01/2018
Join Indian Navy (Nausena Bharti),"Stewards, Chefs And Hygienists for MR October 2018 Batch Recruitment",,4/12/2017,20/12/2017
Assam Rifles Rally Recruitment 2017,Various Tradesman Post Online Form,754,17-Nov,20/12/2017
